number_of_female_workers,percent_of_total_employed_black_or_african_american_race,percent_of_total_employed_asian_race,percent_of_total_employed_hispanic_or_latino_race
1.0,0.030233332517855514,0.01828849343287675,-0.03984610728782923
0.030233332517855514,1.0,-0.09964980968127109,0.19306256952608886
0.01828849343287675,-0.09964980968127109,1.0,-0.28523867537570946
-0.03984610728782923,0.19306256952608886,-0.28523867537570946,1.0
